{
    "Canny": [
        0.003320455551147461,
        0.002048492431640625,
        0.0009989738464355469,
        0.004138946533203125,
        0.0010297298431396484,
        0.001295328140258789,
        0.0010128021240234375,
        0.0068111419677734375
    ],
    "LoG": [
        0.0031168460845947266,
        0.0034639835357666016,
        0.0025331974029541016,
        0.0026121139526367188,
        0.0032405853271484375
    ],
    "Sobel": [
        0.001123189926147461,
        0.0014193058013916016,
        0.0013918876647949219,
        0.0014302730560302734,
        0.0014522075653076172,
        0.0011866092681884766,
        0.001438140869140625,
        0.0014338493347167969,
        0.0013761520385742188
    ],
    "Canny Otimizado": [
        0.0010385513305664062,
        0.0018260478973388672,
        0.001194000244140625,
        0.0009198188781738281,
        0.0017049312591552734,
        0.0009322166442871094,
        0.0009508132934570312,
        0.0012264251708984375
    ],
    "LoG Otimizado": [
        0.0021359920501708984,
        0.001967191696166992,
        0.0020198822021484375,
        0.002435922622680664,
        0.0020842552185058594,
        0.0020294189453125,
        0.0015170574188232422,
        0.002010345458984375
    ]
}