{
    "Metodo Canny otimizado": [
        0.0020020008087158203
    ],
    "Metodo LoG otimizado": [
        0.003003358840942383
    ],
    "Metodo Sobel": [
        0.0010006427764892578
    ]
}