{
    "Metodo Canny": [
        0.003732442855834961,
        0.002199888229370117,
        0.0034694671630859375,
        0.003340482711791992,
        0.0021436214447021484,
        0.0012881755828857422,
        0.002529144287109375,
        0.0037021636962890625,
        0.002901792526245117,
        0.002938508987426758
    ],
    "Metodo LoG": [
        0.0060617923736572266,
        0.004369020462036133,
        0.006467580795288086,
        0.004498958587646484,
        0.0045354366302490234,
        0.0042803287506103516,
        0.0046329498291015625,
        0.007187843322753906,
        0.0043828487396240234,
        0.006681203842163086,
        0.006148099899291992
    ],
    "Metodo Sobel": [
        0.006444692611694336,
        0.007633209228515625,
        0.006859779357910156,
        0.006085395812988281,
        0.007044792175292969,
        0.006911754608154297,
        0.007176637649536133,
        0.007112741470336914,
        0.007459878921508789,
        0.006275177001953125
    ]
}